{"cameraMode":{"drawMode":0,"name":"Shaded","section":"Shading Mode"},"sceneLighting":false,"audioPlay":false,"sceneViewState":{"showFog":true,"showMaterialUpdate":false,"showSkybox":false,"showFlares":true,"showImageEffects":true,"showParticleSystems":true},"in2DMode":false,"pivot":{"x":1.8249998092651368,"y":0.06999993324279785,"z":-1.1920928955078126e-7},"rotation":{"x":0.13458770513534547,"y":0.007430696859955788,"z":-0.0010110087459906936,"w":0.9908824563026428},"size":2.8578836917877199,"orthographic":false}