{"cameraMode":{"drawMode":0,"name":"Shaded","section":"Shading Mode"},"sceneLighting":false,"audioPlay":false,"sceneViewState":{"showFog":true,"showMaterialUpdate":false,"showSkybox":false,"showFlares":true,"showImageEffects":true,"showParticleSystems":true},"in2DMode":false,"pivot":{"x":3.775602340698242,"y":0.1790703386068344,"z":0.43312549591064455},"rotation":{"x":0.18324607610702516,"y":-0.04716908931732178,"z":0.008800441399216652,"w":0.9819069504737854},"size":15.532517433166504,"orthographic":false}