{"cameraMode":{"drawMode":0,"name":"Shaded","section":"Shading Mode"},"sceneLighting":true,"audioPlay":false,"sceneViewState":{"showFog":true,"showMaterialUpdate":false,"showSkybox":true,"showFlares":true,"showImageEffects":true,"showParticleSystems":true},"in2DMode":false,"pivot":{"x":0.15702798962593079,"y":-1.3368074893951417,"z":-0.005908343009650707},"rotation":{"x":-0.001499990583397448,"y":-0.003000236814841628,"z":-0.000004493866981647443,"w":0.9999945163726807},"size":32.17655563354492,"orthographic":false}