{"cameraMode":{"drawMode":0,"name":"Shaded","section":"Shading Mode"},"sceneLighting":true,"audioPlay":false,"sceneViewState":{"showFog":true,"showMaterialUpdate":false,"showSkybox":true,"showFlares":true,"showImageEffects":true,"showParticleSystems":true},"in2DMode":false,"pivot":{"x":95.61000061035156,"y":0.10358485579490662,"z":-25.9672794342041},"rotation":{"x":-0.5165233016014099,"y":-0.05233469232916832,"z":0.03166021779179573,"w":-0.8541027307510376},"size":8.609427452087403,"orthographic":false}