{"cameraMode":{"drawMode":0,"name":"Shaded","section":"Shading Mode"},"sceneLighting":false,"audioPlay":false,"sceneViewState":{"showFog":true,"showMaterialUpdate":false,"showSkybox":false,"showFlares":true,"showImageEffects":true,"showParticleSystems":true},"in2DMode":false,"pivot":{"x":95.61000061035156,"y":0.11769652366638184,"z":-25.9672794342041},"rotation":{"x":-0.2931382656097412,"y":-0.2904319763183594,"z":0.09397272765636444,"w":-0.9060443639755249},"size":6.9000043869018559,"orthographic":false}