{"cameraMode":{"drawMode":0,"name":"Shaded","section":"Shading Mode"},"sceneLighting":true,"audioPlay":false,"sceneViewState":{"showFog":true,"showMaterialUpdate":false,"showSkybox":true,"showFlares":true,"showImageEffects":true,"showParticleSystems":true},"in2DMode":false,"pivot":{"x":95.54415893554688,"y":6.616981029510498,"z":-25.356199264526368},"rotation":{"x":-0.2857177257537842,"y":0.7008550763130188,"z":-0.3732093572616577,"w":-0.5365645885467529},"size":27.41600227355957,"orthographic":false}