{"cameraMode":{"drawMode":0,"name":"Shaded","section":"Shading Mode"},"sceneLighting":true,"audioPlay":false,"sceneViewState":{"showFog":true,"showMaterialUpdate":false,"showSkybox":true,"showFlares":true,"showImageEffects":true,"showParticleSystems":true},"in2DMode":false,"pivot":{"x":94.55945587158203,"y":-4.0369648933410648,"z":-17.743507385253908},"rotation":{"x":-0.11162280291318894,"y":0.8487517833709717,"z":-0.19892556965351106,"w":-0.47723305225372317},"size":30.73912239074707,"orthographic":false}