{"cameraMode":{"drawMode":0,"name":"Shaded","section":"Shading Mode"},"sceneLighting":false,"audioPlay":false,"sceneViewState":{"showFog":true,"showMaterialUpdate":false,"showSkybox":false,"showFlares":true,"showImageEffects":true,"showParticleSystems":true},"in2DMode":false,"pivot":{"x":30.760000228881837,"y":2.5799999237060549,"z":-0.9600000381469727},"rotation":{"x":-0.034787628799676898,"y":-0.03088042140007019,"z":0.001062404946424067,"w":-0.9989376068115234},"size":2.8578836917877199,"orthographic":true}