{"cameraMode":{"drawMode":0,"name":"Shaded","section":"Shading Mode"},"sceneLighting":true,"audioPlay":false,"sceneViewState":{"showFog":true,"showMaterialUpdate":false,"showSkybox":true,"showFlares":true,"showImageEffects":true,"showParticleSystems":true},"in2DMode":false,"pivot":{"x":-0.18149873614311219,"y":1.3417890071868897,"z":-5.523858070373535},"rotation":{"x":0.0006952442927286029,"y":0.8126056790351868,"z":0.0009655203321017325,"w":-0.5828282237052918},"size":3.977332592010498,"orthographic":false}