{"cameraMode":{"drawMode":0,"name":"Shaded","section":"Shading Mode"},"sceneLighting":false,"audioPlay":false,"sceneViewState":{"showFog":true,"showMaterialUpdate":false,"showSkybox":false,"showFlares":true,"showImageEffects":true,"showParticleSystems":true},"in2DMode":false,"pivot":{"x":206.42999267578126,"y":7.199999809265137,"z":-0.6700000762939453},"rotation":{"x":-0.060708172619342807,"y":-0.07450087368488312,"z":0.004503835458308458,"w":-0.9953970909118652},"size":17.691743850708009,"orthographic":true}