{"cameraMode":{"drawMode":0,"name":"Shaded","section":"Shading Mode"},"sceneLighting":false,"audioPlay":false,"sceneViewState":{"showFog":true,"showMaterialUpdate":false,"showSkybox":false,"showFlares":true,"showImageEffects":true,"showParticleSystems":true},"in2DMode":false,"pivot":{"x":86.56999969482422,"y":6.659999847412109,"z":-2.490000009536743},"rotation":{"x":0.0020896808709949257,"y":0.0047966185957193378,"z":-0.00001883315599116031,"w":-1.000016689300537},"size":2.8578836917877199,"orthographic":true}