{"cameraMode":{"drawMode":0,"name":"Shaded","section":"Shading Mode"},"sceneLighting":true,"audioPlay":false,"sceneViewState":{"showFog":false,"showMaterialUpdate":false,"showSkybox":false,"showFlares":false,"showImageEffects":false,"showParticleSystems":false},"in2DMode":false,"pivot":{"x":313.16949462890627,"y":237.978759765625,"z":2.628124237060547},"rotation":{"x":0.045090772211551669,"y":0.09457163512706757,"z":-0.00428757444024086,"w":0.994488537311554},"size":746.6734619140625,"orthographic":false}