{"cameraMode":{"drawMode":0,"name":"Shaded","section":"Shading Mode"},"sceneLighting":true,"audioPlay":false,"sceneViewState":{"showFog":true,"showMaterialUpdate":false,"showSkybox":true,"showFlares":true,"showImageEffects":true,"showParticleSystems":true},"in2DMode":false,"pivot":{"x":0.14453402161598206,"y":-0.05152852088212967,"z":-0.22968773543834687},"rotation":{"x":-0.022208040580153467,"y":0.0038955514319241049,"z":-0.00009767807205207646,"w":-0.9997615814208984},"size":5.991439342498779,"orthographic":true}