{"cameraMode":{"drawMode":0,"name":"Shaded","section":"Shading Mode"},"sceneLighting":false,"audioPlay":false,"sceneViewState":{"showFog":true,"showMaterialUpdate":false,"showSkybox":false,"showFlares":true,"showImageEffects":true,"showParticleSystems":true},"in2DMode":false,"pivot":{"x":-4.599641799926758,"y":16.511552810668947,"z":-11.860527038574219},"rotation":{"x":-0.18223175406455995,"y":0.02418375201523304,"z":-0.004482469521462917,"w":-0.9829530715942383},"size":45.40249252319336,"orthographic":false}